{"schemaVersion":"1.0","appDefinitionTemplate":{"id":"/providers/Microsoft.PowerApps/apps/","type":"Microsoft.PowerApps/apps","tags":{"primaryDeviceWidth":"1366","primaryDeviceHeight":"768","sienaVersion":"20220117T160829Z-3.21123.25.0","deviceCapabilities":"","supportsPortrait":"true","supportsLandscape":"true","primaryFormFactor":"Tablet","publisherVersion":"3.21123.25","minimumRequiredApiVersion":"2.2.0","hasComponent":"false","hasUnlockedComponent":"false","isUnifiedRootApp":"false"},"properties":{"appVersion":"2022-01-17T16:08:29Z","lifeCycleId":"Published","createdByClientVersion":{"major":3,"minor":21123,"build":25,"revision":0,"majorRevision":0,"minorRevision":0},"minClientVersion":{"major":3,"minor":21123,"build":25,"revision":0,"majorRevision":0,"minorRevision":0},"backgroundColor":"RGBA(0,176,240,1)","backgroundImageUri":"/12215739397253802932/Nec77251f-53fb-484b-90b4-f9b06643f950-logoSmallFile","displayName":"Rubiks Cube Animated","description":"","commitMessage":"","appUris":{"documentUri":{"value":"/12215739397253802932/N6555deb0-48e0-4c79-99a0-b3777b38506f-document.msapp"},"imageUris":[]},"createdTime":"0001-01-01T00:00:00Z","lastModifiedTime":"0001-01-01T00:00:00Z","sharedGroupsCount":0,"sharedUsersCount":0,"icons":{"smallIconUri":"/12215739397253802932/N50c7a9af-2b51-442a-a904-9abbc6595024-small.png","mediumIconUri":"/12215739397253802932/Nb818d948-ed4a-4dd4-8128-0c682c6ceb04-medium.png","largeIconUri":"/12215739397253802932/N7de6d857-6cc1-40d7-a928-e0ec6ee357f8-large.png","wideIconUri":"/12215739397253802932/N836e07a4-3b07-42d9-aad8-b036064589f4-wide.png"},"connectionReferences":{},"databaseReferences":{},"almMode":"Environment","performanceOptimizationEnabled":true,"canConsumeAppPass":true,"executionRestrictions":{"isTeamsOnly":false,"dataLossPreventionEvaluationResult":{"status":"Compliant","lastEvaluationDate":"2022-01-17T16:08:45.6597061Z","violations":[],"violationsByPolicy":[],"violationErrorMessage":"The app uses the following connectors: ."}}},"appType":"ClassicCanvasApp","appComponents":[]}}